1768142283.6348531,RPi,"Radio Connection Failed: [Errno 2] could not open port /dev/ttyAMA0: [Errno 2] No such file or directory: '/dev/ttyAMA0'
"
1768142306.1705542,RPi,"Radio Connection Failed: [Errno 2] could not open port /dev/ttyAMA0: [Errno 2] No such file or directory: '/dev/ttyAMA0'
"
1768142352.193142,RPi,"Radio Connection Failed: [Errno 2] could not open port /dev/ttyAMA0: [Errno 2] No such file or directory: '/dev/ttyAMA0'
"
1768142567.757998,RPi,"Radio Connection Failed: [Errno 2] could not open port /dev/ttyAMA0: [Errno 2] No such file or directory: '/dev/ttyAMA0'
"
1768143177.620945,RPi,"Radio Connection Failed: [Errno 2] could not open port /dev/ttyAMA0: [Errno 2] No such file or directory: '/dev/ttyAMA0'
"
1768143267.739049,RPi,"Radio Connection Failed: [Errno 2] could not open port /dev/ttyAMA0: [Errno 2] No such file or directory: '/dev/ttyAMA0'
"
1768143283.740245,RPi,"Radio Connection Failed: [Errno 2] could not open port /dev/ttyAMA0: [Errno 2] No such file or directory: '/dev/ttyAMA0'
"
1768143380.894943,RPi,"Radio Connection Failed: [Errno 2] could not open port /dev/ttyAMA0: [Errno 2] No such file or directory: '/dev/ttyAMA0'
"
